0,"           3           2
1.176e-05 x - 0.01077 x + 3.309 x + 39.78"
1,"           3          2
5.722e-05 x - 0.0524 x + 16 x - 1247"
2,"           3           2
1.283e-05 x - 0.01061 x + 2.866 x + 127.7"
3,"            3           2
-5.925e-05 x + 0.05267 x - 15.57 x + 1907"
4,"            3           2
-5.103e-05 x + 0.04613 x - 13.89 x + 1769"
5,"           3           2
2.227e-05 x - 0.01985 x + 5.896 x - 208.2"
6,"            3           2
-3.855e-05 x + 0.03587 x - 11.08 x + 1511"
7,"            3           2
-5.177e-05 x + 0.04626 x - 13.77 x + 1740"
8,"            3           2
-2.051e-05 x + 0.01879 x - 5.706 x + 950.9"
9,"            3           2
-2.435e-05 x + 0.02152 x - 6.327 x + 996.8"
10,"            3          2
-0.0001486 x + 0.1327 x - 39.4 x + 4271"
11,"           3          2
0.0001245 x - 0.1132 x + 34.28 x - 3081"
12,"           3           2
8.614e-05 x - 0.07799 x + 23.53 x - 1982"
13,"            3           2
-2.367e-05 x + 0.02113 x - 6.234 x + 991.4"
14,"           3           2
2.569e-05 x - 0.02478 x + 7.968 x - 471.3"
15,"            3           2
-1.882e-05 x + 0.01619 x - 4.579 x + 806.5"
16,"            3            2
-3.041e-06 x + 0.003231 x - 1.072 x + 492"
17,"            3          2
-4.454e-05 x + 0.0389 x - 11.24 x + 1451"
18,"            3           2
-3.131e-05 x + 0.02905 x - 8.963 x + 1295"
19,"            3            2
-5.649e-06 x + 0.004999 x - 1.464 x + 518.2"
20,"           3           2
1.965e-05 x - 0.01803 x + 5.506 x - 180.4"
21,"          3           2
4.57e-05 x - 0.04279 x + 13.36 x - 1012"
22,"           3            2
4.673e-06 x - 0.004905 x + 1.726 x + 177.4"
23,"           3           2
6.006e-05 x - 0.05507 x + 16.81 x - 1330"
24,"           3           2
4.669e-05 x - 0.04375 x + 13.67 x - 1048"
25,"           3          2
3.212e-05 x - 0.0283 x + 8.358 x - 448.5"
26,"            3           2
-0.0001044 x + 0.09311 x - 27.59 x + 3099"
27,"          3           2
5.52e-05 x - 0.04869 x + 14.27 x - 1011"
28,"           3            2
4.171e-08 x + 0.001633 x - 0.9615 x + 519.8"
29,"            3            2
-2.952e-06 x + 0.001733 x - 0.1887 x + 362.7"
30,"          3           2
8.42e-05 x - 0.07646 x + 23.14 x - 1953"
31,"           3            2
2.108e-06 x - 0.002135 x + 0.7494 x + 292.4"
32,"            3            2
-1.427e-06 x + 0.002123 x - 0.8559 x + 486.5"
33,"            3           2
-2.884e-05 x + 0.02761 x - 8.735 x + 1295"
34,"            3           2
-8.848e-05 x + 0.08116 x - 24.73 x + 2882"
35,"           3           2
8.917e-05 x - 0.08061 x + 24.31 x - 2071"
36,"           3           2
2.015e-05 x - 0.01926 x + 6.15 x - 280.1"
37,"           3           2
1.912e-05 x - 0.01798 x + 5.593 x - 200.6"
38,"           3           2
8.537e-05 x - 0.07571 x + 22.35 x - 1823"
39,"            3         2
-0.0001497 x + 0.136 x - 41.11 x + 4507"
40,"            3           2
-4.804e-05 x + 0.04439 x - 13.61 x + 1760"
41,"            3           2
-2.438e-05 x + 0.02346 x - 7.467 x + 1165"
42,"            3           2
-6.151e-05 x + 0.05708 x - 17.58 x + 2175"
43,"            3            2
-1.114e-05 x + 0.009763 x - 2.798 x + 640.8"
44,"            3           2
-1.826e-05 x + 0.01596 x - 4.615 x + 819.9"
45,"           3          2
2.117e-05 x - 0.0192 x + 5.825 x - 211.9"
46,"           3           2
6.869e-05 x - 0.06047 x + 17.71 x - 1349"
47,"           3           2
4.871e-05 x - 0.04181 x + 11.89 x - 741.8"
48,"            3           2
-6.758e-05 x + 0.06318 x - 19.65 x + 2416"
49,"            3          2
-9.736e-05 x + 0.0889 x - 27.01 x + 3115"
50,"            3           2
-4.243e-05 x + 0.03914 x - 12 x + 1610"
51,"           3           2
4.234e-05 x - 0.03789 x + 11.27 x - 720.8"
52,"           3           2
1.893e-05 x - 0.01709 x + 5.143 x - 121.5"
53,"           3           2
1.146e-05 x - 0.01071 x + 3.354 x + 44.76"
54,"            3           2
-2.078e-05 x + 0.01849 x - 5.465 x + 936.1"
55,"           3           2
8.856e-05 x - 0.07981 x + 23.98 x - 1998"
56,"           3           2
6.177e-05 x - 0.05843 x + 18.42 x - 1529"
57,"           3           2
2.008e-05 x - 0.01743 x + 5.08 x - 89.53"
58,"           3           2
1.184e-05 x - 0.01171 x + 3.887 x - 24.29"
59,"            3            2
-2.636e-06 x + 0.003504 x - 1.354 x + 573.1"
60,"            3           2
-6.033e-05 x + 0.05553 x - 16.95 x + 2128"
61,"           3           2
1.899e-05 x - 0.01773 x + 5.568 x - 176.3"
62,"            3           2
-1.056e-05 x + 0.00943 x - 2.722 x + 665.8"
63,"           3           2
5.548e-05 x - 0.05148 x + 15.95 x - 1236"
64,"            3           2
-2.317e-05 x + 0.02092 x - 6.224 x + 1023"
65,"           3           2
-8.69e-05 x + 0.07914 x - 23.92 x + 2809"
66,"           3           2
3.534e-05 x - 0.03253 x + 9.986 x - 612.4"
67,"            3          2
-3.414e-05 x + 0.0311 x - 9.413 x + 1355"
68,"           3          2
2.311e-05 x - 0.0203 x + 5.948 x - 172.2"
69,"           3           2
3.198e-05 x - 0.02922 x + 8.905 x - 494.3"
70,"          3            2
1.08e-05 x - 0.009395 x + 2.743 x + 143.2"
71,"          3           2
4.14e-05 x - 0.03889 x + 12.17 x - 855.8"
72,"          3           2
3.27e-05 x - 0.02999 x + 9.161 x - 518.2"
73,"           3             2
9.193e-07 x - 0.0008546 x + 0.2937 x + 379.4"
74,"            3           2
-7.912e-05 x + 0.07323 x - 22.51 x + 2717"
75,"            3           2
-5.891e-05 x + 0.05416 x - 16.5 x + 2085"
76,"           3           2
9.612e-05 x - 0.08938 x + 27.7 x - 2441"
77,"            3           2
-3.218e-05 x + 0.02886 x - 8.548 x + 1258"
78,"           3           2
-1.83e-05 x + 0.01668 x - 4.983 x + 908.1"
79,"           3           2
5.235e-05 x - 0.05005 x + 16 x - 1288"
80,"           3           2
2.394e-05 x - 0.02348 x + 7.728 x - 431.7"
81,"            3           2
-7.518e-05 x + 0.06881 x - 20.86 x + 2511"
82,"           3           2
4.038e-05 x - 0.03833 x + 12.18 x - 877.3"
83,"           3            2
-3.54e-06 x + 0.002184 x - 0.2571 x + 393"
84,"            3            2
-1.015e-05 x + 0.008612 x - 2.35 x + 621.7"
85,"            3             2
-6.433e-07 x + 0.0001011 x + 0.164 x + 376.2"
86,"            3           2
-1.208e-05 x + 0.01178 x - 3.775 x + 815"
87,"            3           2
-3.011e-05 x + 0.02888 x - 9.148 x + 1377"
88,"            3           2
-4.017e-05 x + 0.03747 x - 11.57 x + 1601"
89,"            3            2
-7.399e-06 x + 0.006112 x - 1.62 x + 553.6"
90,"            3            2
-3.856e-06 x + 0.002792 x - 0.6005 x + 451.7"
91,"            3           2
-3.669e-05 x + 0.03293 x - 9.774 x + 1378"
92,"            3           2
-3.206e-05 x + 0.02869 x - 8.461 x + 1243"
93,"           3           2
1.606e-05 x - 0.01502 x + 4.782 x - 92.42"
94,"            3            2
-7.632e-06 x + 0.005043 x - 0.8348 x + 431.4"
95,"            3           2
-7.467e-05 x + 0.06725 x - 20.03 x + 2402"
96,"           3           2
5.316e-05 x - 0.05042 x + 16.01 x - 1271"
97,"           3           2
2.916e-05 x - 0.02669 x + 8.241 x - 426.2"
98,"           3            2
9.547e-07 x - 0.001359 x + 0.6615 x + 331"
99,"           3           2
4.475e-05 x - 0.04181 x + 13.05 x - 927.2"
100,"           3            2
-1.18e-05 x + 0.009752 x - 2.54 x + 635.8"
101,"           3           2
1.649e-05 x - 0.01642 x + 5.538 x - 196.4"
102,"            3           2
-1.234e-05 x + 0.01082 x - 3.017 x + 697.2"
103,"           3           2
4.034e-05 x - 0.03748 x + 11.74 x - 804.7"
104,"            3            2
-3.259e-06 x + 0.002634 x - 0.5336 x + 439.2"
105,"            3           2
-3.628e-05 x + 0.03126 x - 8.747 x + 1211"
106,"          3           2
7.54e-05 x - 0.07193 x + 22.96 x - 2034"
107,"           3           2
1.997e-05 x - 0.01914 x + 6.243 x - 278.4"
108,"           3           2
0.0001047 x - 0.09464 x + 28.55 x - 2471"
109,"           3           2
1.918e-05 x - 0.01854 x + 6.032 x - 259.4"
110,"           3            2
7.472e-06 x - 0.008482 x + 3.183 x + 1.317"
111,"            3           2
-3.605e-05 x + 0.03206 x - 9.342 x + 1279"
112,"           3           2
4.659e-06 x - 0.00602 x + 2.503 x + 49.5"
113,"            3            2
-4.463e-06 x + 0.003041 x - 0.53 x + 384.7"
114,"            3            2
-7.419e-06 x + 0.006523 x - 1.879 x + 548.3"
115,"            3            2
-4.429e-06 x + 0.002713 x - 0.3755 x + 353.7"
116,"           3           2
-3.29e-05 x + 0.02829 x - 8.049 x + 1119"
117,"           3           2
3.905e-05 x - 0.03599 x + 11.01 x - 761.3"
118,"           3           2
5.118e-05 x - 0.04636 x + 14.01 x - 1057"
119,"           3          2
-0.000126 x + 0.1116 x - 32.84 x + 3561"
120,"           3           2
3.272e-05 x - 0.02929 x + 8.687 x - 504.1"
121,"           3           2
1.473e-05 x - 0.01296 x + 3.731 x - 4.38"
122,"           3           2
2.386e-05 x - 0.02166 x + 6.489 x - 295.8"
123,"            3           2
-5.432e-05 x + 0.04918 x - 14.83 x + 1836"
124,"            3           2
-0.0001055 x + 0.09449 x - 28.19 x + 3149"
125,"           3           2
1.964e-05 x - 0.01814 x + 5.503 x - 201.9"
126,"            3            2
-1.143e-05 x + 0.007897 x - 1.687 x + 448.8"
127,"            3           2
-0.0001027 x + 0.09021 x - 26.4 x + 2917"
128,"           3           2
2.398e-05 x - 0.02213 x + 6.715 x - 328.8"
129,"           3          2
-0.000122 x + 0.1097 x - 32.88 x + 3629"
130,"           3          2
-0.000144 x + 0.1308 x - 39.54 x + 4324"
131,"            3           2
-1.712e-05 x + 0.01419 x - 3.986 x + 727.4"
132,"            3           2
-1.966e-05 x + 0.01704 x - 4.988 x + 842.6"
133,"           3           2
0.0001029 x - 0.09265 x + 27.71 x - 2400"
134,"            3         2
-0.0001072 x + 0.095 x - 28.09 x + 3124"
135,"           3           2
4.151e-05 x - 0.03666 x + 10.72 x - 678.5"
136,"            3            2
-9.245e-07 x - 0.001577 x + 1.169 x + 178.1"
137,"           3            2
6.037e-06 x - 0.004391 x + 1.012 x + 290.9"
138,"            3           2
-6.495e-05 x + 0.05905 x - 17.89 x + 2167"
139,"           3            2
8.513e-06 x - 0.008472 x + 2.788 x + 58.85"
140,"            3          2
-3.498e-05 x + 0.0316 x - 9.529 x + 1320"
141,"            3           2
-6.077e-05 x + 0.05572 x - 17.02 x + 2094"
142,"            3           2
-2.047e-05 x + 0.01878 x - 5.789 x + 963.6"
143,"           3          2
-0.000123 x + 0.1105 x - 33.03 x + 3653"
144,"           3            2
-9.93e-06 x + 0.007292 x - 1.688 x + 486.5"
145,"            3           2
-2.377e-05 x + 0.02073 x - 5.999 x + 938.2"
146,"            3          2
-0.0001013 x + 0.0899 x - 26.51 x + 2956"
147,"            3           2
-5.931e-05 x + 0.05375 x - 16.22 x + 1988"
148,"           3           2
2.567e-05 x - 0.02547 x + 8.336 x - 541.3"
149,"            3           2
-2.895e-05 x + 0.02586 x - 7.684 x + 1115"
150,"          3           2
1.89e-05 x - 0.01589 x + 4.423 x - 51.02"
151,"            3           2
-9.555e-05 x + 0.08652 x - 26.05 x + 2965"
152,"            3           2
-4.779e-05 x + 0.04172 x - 12.16 x + 1540"
153,"          3           2
5.66e-05 x - 0.05112 x + 15.32 x - 1166"
154,"            3           2
-5.841e-05 x + 0.05078 x - 14.7 x + 1776"
155,"            3           2
-4.913e-05 x + 0.04259 x - 12.32 x + 1549"
156,"            3          2
-0.0002505 x + 0.2174 x - 62.89 x + 6418"
157,"           3           2
2.542e-05 x - 0.02301 x + 6.896 x - 330.3"
158,"           3          2
-0.000277 x + 0.2457 x - 72.63 x + 7503"
159,"            3          2
-0.0001312 x + 0.1176 x - 35.09 x + 3842"
160,"            3           2
-2.576e-05 x + 0.02313 x - 6.926 x + 1047"
161,"            3           2
-5.306e-05 x + 0.04709 x - 13.91 x + 1723"
162,"          3            2
2.23e-06 x - 0.002419 x + 0.8877 x + 247.9"
163,"            3             2
-1.827e-06 x - 1.505e-05 x + 0.579 x + 233"
164,"            3           2
-3.456e-05 x + 0.02939 x - 8.196 x + 1105"
165,"           3           2
3.037e-06 x - 0.00243 x + 0.7158 x + 276.6"
166,"           3          2
-0.000138 x + 0.1233 x - 36.6 x + 3967"
167,"            3          2
-0.0001219 x + 0.1093 x - 32.61 x + 3585"
168,"           3          2
-0.000166 x + 0.1484 x - 44.12 x + 4721"
169,"            3           2
-8.427e-05 x + 0.07436 x - 21.78 x + 2475"
170,"           3           2
3.931e-05 x - 0.03529 x + 10.53 x - 689.2"
171,"           3           2
8.287e-05 x - 0.07678 x + 23.66 x - 2068"
172,"           3           2
-1.44e-05 x + 0.01148 x - 2.996 x + 612.3"
173,"           3           2
-9.53e-05 x + 0.08433 x - 24.81 x + 2786"
174,"          3           2
7.62e-06 x - 0.00862 x + 3.089 x + 4.021"
175,"            3           2
-2.902e-05 x + 0.02483 x - 7.047 x + 1025"
176,"            3           2
-9.071e-05 x + 0.08042 x - 23.7 x + 2683"
177,"            3          2
-0.0001317 x + 0.1164 x - 34.18 x + 3703"
178,"           3          2
-0.000151 x + 0.1371 x - 41.5 x + 4555"
179,"            3           2
-2.565e-05 x + 0.02333 x - 7.095 x + 1098"
180,"            3           2
-8.566e-05 x + 0.07808 x - 23.67 x + 2766"
181,"          3           2
3.63e-05 x - 0.03332 x + 10.23 x - 665.1"
182,"           3           2
1.147e-05 x - 0.01095 x + 3.514 x + 12.32"
183,"           3           2
5.211e-05 x - 0.04742 x + 14.41 x - 1064"
184,"            3           2
-1.806e-05 x + 0.01612 x - 4.722 x + 848.2"
185,"            3           2
-3.376e-05 x + 0.03019 x - 8.873 x + 1249"
186,"            3           2
-4.534e-05 x + 0.04025 x - 11.81 x + 1538"
187,"           3           2
4.594e-05 x - 0.04372 x + 13.85 x - 1066"
188,"           3           2
1.577e-05 x - 0.01569 x + 5.21 x - 179.7"
189,"           3           2
2.731e-05 x - 0.02559 x + 8.025 x - 444.8"
190,"            3           2
-1.819e-05 x + 0.01631 x - 4.785 x + 853.5"
191,"           3           2
-7.39e-05 x + 0.06666 x - 19.94 x + 2370"
192,"            3          2
-5.868e-05 x + 0.0532 x - 15.97 x + 1979"
193,"            3            2
-3.676e-06 x + 0.002333 x - 0.3306 x + 376.4"
194,"            3            2
-1.044e-06 x + 0.001242 x - 0.3605 x + 408.8"
195,"           3           2
3.049e-05 x - 0.02897 x + 9.262 x - 612.7"
196,"            3           2
-2.903e-05 x + 0.02465 x - 6.842 x + 996.7"
197,"           3           2
2.061e-05 x - 0.01815 x + 5.352 x - 154.6"
198,"          3            2
3.99e-06 x - 0.004477 x + 1.625 x + 181.1"
199,"           3            2
7.432e-06 x - 0.007023 x + 2.239 x + 132.8"
200,"           3            2
9.727e-06 x - 0.009406 x + 2.986 x + 60.6"
201,"           3          2
1.937e-05 x - 0.0191 x + 6.256 x - 309.2"
202,"            3            2
-1.046e-05 x + 0.008658 x - 2.302 x + 568.1"
203,"           3           2
-1.74e-05 x + 0.01524 x - 4.396 x + 793.8"
204,"            3           2
-4.037e-05 x + 0.03718 x - 11.41 x + 1542"
205,"            3            2
-1.112e-05 x + 0.009904 x - 2.981 x + 676.5"
206,"            3           2
-3.277e-05 x + 0.02886 x - 8.47 x + 1200"
207,"            3           2
-6.833e-05 x + 0.06089 x - 18.06 x + 2155"
208,"            3           2
-1.529e-05 x + 0.01404 x - 4.288 x + 812"
209,"            3           2
-3.312e-05 x + 0.02881 x - 8.352 x + 1187"
210,"            3            2
-1.113e-05 x + 0.009902 x - 2.909 x + 666.2"
211,"            3           2
-7.608e-05 x + 0.06806 x - 20.2 x + 2374"
212,"            3           2
-5.551e-05 x + 0.04876 x - 14.17 x + 1750"
213,"           3           2
1.384e-05 x - 0.01269 x + 3.915 x - 22.37"
214,"            3          2
-2.785e-05 x + 0.0239 x - 6.733 x + 1005"
215,"           3           2
3.004e-05 x - 0.02782 x + 8.627 x - 509.2"
216,"          3          2
-4.4e-05 x + 0.0396 x - 11.77 x + 1542"
217,"            3           2
-4.079e-05 x + 0.03709 x - 11.14 x + 1492"
218,"           3          2
-5.21e-05 x + 0.0469 x - 13.95 x + 1755"
219,"            3           2
-4.086e-05 x + 0.03685 x - 10.94 x + 1452"
220,"           3           2
3.074e-05 x - 0.02826 x + 8.767 x - 539.1"
221,"            3           2
-6.278e-05 x + 0.05579 x - 16.37 x + 1960"
222,"           3           2
3.075e-05 x - 0.02931 x + 9.342 x - 620.9"
223,"            3           2
-1.888e-05 x + 0.01695 x - 5.03 x + 867.8"
224,"            3           2
-1.449e-05 x + 0.01348 x - 4.107 x + 782.7"
225,"            3            2
-3.399e-06 x + 0.001224 x + 0.2728 x + 273.4"
226,"            3           2
-2.125e-05 x + 0.01936 x - 5.789 x + 941.6"
227,"           3           2
-1.77e-05 x + 0.01528 x - 4.306 x + 768.3"
228,"            3           2
-6.117e-05 x + 0.05607 x - 17.02 x + 2084"
229,"            3            2
-3.248e-06 x + 0.002145 x - 0.3176 x + 357.1"
230,"           3            2
8.798e-06 x - 0.008475 x + 2.809 x + 45.76"
231,"           3            2
3.483e-06 x - 0.004644 x + 1.973 x + 90.44"
232,"            3           2
-1.669e-05 x + 0.01464 x - 4.174 x + 739.2"
233,"            3           2
-4.167e-05 x + 0.03771 x - 11.3 x + 1472"
234,"            3            2
-2.593e-06 x + 0.001719 x - 0.2762 x + 347.1"
235,"            3           2
-9.617e-05 x + 0.08749 x - 26.46 x + 3007"
236,"            3           2
-4.319e-05 x + 0.03725 x - 10.65 x + 1352"
237,"            3           2
-4.699e-05 x + 0.04236 x - 12.71 x + 1612"
238,"            3          2
-5.282e-05 x + 0.0477 x - 14.37 x + 1784"
239,"            3           2
-3.841e-05 x + 0.03519 x - 10.7 x + 1420"
240,"            3          2
-3.025e-06 x + 0.0021 x - 0.4258 x + 360"
241,"            3            2
-8.549e-06 x + 0.008522 x - 2.801 x + 642.2"
242,"           3           2
2.599e-05 x - 0.02444 x + 7.648 x - 461"
243,"           3           2
3.729e-05 x - 0.03483 x + 10.83 x - 787.9"
244,"            3           2
-2.693e-05 x + 0.02416 x - 7.181 x + 1040"
245,"            3           2
-6.335e-05 x + 0.05546 x - 16.13 x + 1892"
246,"            3           2
-6.225e-05 x + 0.05632 x - 16.93 x + 2023"
247,"            3           2
-0.0001038 x + 0.09368 x - 28.12 x + 3138"
248,"            3            2
-9.975e-06 x + 0.007443 x - 1.744 x + 456.1"
249,"           3            2
3.476e-07 x - 0.001076 x + 0.5567 x + 254.2"
250,"           3           2
1.269e-05 x - 0.01364 x + 4.82 x - 228.7"
251,"            3           2
-3.608e-05 x + 0.03368 x - 10.4 x + 1393"
252,"            3           2
-8.411e-05 x + 0.07629 x - 22.99 x + 2627"
253,"            3           2
-2.389e-05 x + 0.02131 x - 6.275 x + 934.5"
254,"           3           2
1.403e-05 x - 0.01327 x + 4.193 x - 117"
255,"           3           2
3.287e-05 x - 0.03156 x + 10.06 x - 738.1"
256,"            3           2
-4.048e-05 x + 0.03699 x - 11.22 x + 1458"
257,"            3          2
-5.016e-05 x + 0.0456 x - 13.76 x + 1705"
258,"            3           2
-6.373e-06 x + 0.00575 x - 1.695 x + 488.1"
259,"            3          2
-9.815e-06 x + 0.0088 x - 2.602 x + 578.9"
260,"            3          2
-5.394e-05 x + 0.0485 x - 14.47 x + 1760"
261,"            3           2
-3.115e-05 x + 0.02736 x - 7.996 x + 1107"
262,"           3            2
5.332e-06 x - 0.006405 x + 2.415 x + 39.07"
263,"           3           2
2.294e-05 x - 0.02195 x + 6.964 x - 398.2"
264,"            3           2
-3.566e-05 x + 0.03046 x - 8.601 x + 1140"
265,"            3           2
-1.385e-05 x + 0.01156 x - 3.149 x + 615.9"
266,"           3           2
-2.93e-05 x + 0.02622 x - 7.791 x + 1109"
267,"           3           2
7.059e-05 x - 0.06415 x + 19.4 x - 1606"
268,"            3           2
-2.693e-05 x + 0.02424 x - 7.243 x + 1068"
269,"           3          2
2.976e-05 x - 0.0268 x + 8.085 x - 468.6"
270,"           3           2
-8.21e-05 x + 0.07476 x - 22.6 x + 2619"
271,"           3           2
3.207e-05 x - 0.02928 x + 8.957 x - 561.5"
272,"            3           2
-2.028e-05 x + 0.01844 x - 5.619 x + 934.7"
273,"            3            2
-9.147e-06 x + 0.008621 x - 2.746 x + 661.6"
274,"           3           2
2.284e-05 x - 0.02053 x + 6.138 x - 240.4"
275,"           3          2
3.042e-05 x - 0.0288 x + 9.111 x - 586"
276,"            3           2
-1.621e-05 x + 0.01491 x - 4.487 x + 820.3"
277,"           3          2
2.876e-05 x - 0.0282 x + 9.274 x - 640.4"
278,"           3           2
3.042e-05 x - 0.02851 x + 8.942 x - 558.2"
279,"           3          2
1.624e-05 x - 0.0152 x + 4.788 x - 123.7"
280,"           3            2
1.622e-06 x - 0.002027 x + 0.8236 x + 279.9"
281,"           3           2
2.328e-05 x - 0.02166 x + 6.714 x - 301.5"
282,"            3            2
-1.029e-05 x + 0.008923 x - 2.468 x + 609.6"
283,"           3           2
4.444e-05 x - 0.04193 x + 13.3 x - 1018"
284,"           3            2
-7.07e-06 x + 0.006771 x - 2.091 x + 611.9"
285,"            3           2
-2.293e-05 x + 0.02049 x - 6.042 x + 992.2"
286,"            3           2
-1.749e-05 x + 0.01552 x - 4.508 x + 833"
287,"           3           2
1.306e-05 x - 0.01284 x + 4.274 x - 71.47"
288,"            3          2
-5.923e-05 x + 0.0545 x - 16.6 x + 2085"
289,"           3          2
3.049e-05 x - 0.0288 x + 9.082 x - 542.3"
290,"           3           2
2.232e-05 x - 0.01995 x + 5.951 x - 177.6"
291,"           3            2
7.132e-06 x - 0.006847 x + 2.27 x + 160"
292,"            3          2
-7.987e-05 x + 0.0718 x - 21.32 x + 2511"
293,"           3           2
4.501e-05 x - 0.04242 x + 13.37 x - 984.1"
294,"           3           2
-2.55e-05 x + 0.02169 x - 6.054 x + 973.7"
295,"            3           2
-2.469e-05 x + 0.02223 x - 6.563 x + 1057"
296,"            3           2
-1.747e-05 x + 0.01525 x - 4.292 x + 809"
297,"            3           2
-8.153e-05 x + 0.07421 x - 22.3 x + 2631"
298,"            3          2
-1.319e-05 x + 0.0118 x - 3.368 x + 720.1"
299,"            3           2
-2.749e-05 x + 0.02468 x - 7.226 x + 1103"
300,"           3            2
-4.86e-06 x + 0.003465 x - 0.6263 x + 417.1"
301,"          3           2
2.23e-05 x - 0.02148 x + 6.995 x - 367.1"
302,"            3           2
-2.648e-05 x + 0.02376 x - 7.004 x + 1075"
303,"            3           2
-3.764e-05 x + 0.03187 x - 8.891 x + 1210"
304,"           3           2
1.685e-05 x - 0.01659 x + 5.429 x - 202.7"
305,"           3           2
2.815e-05 x - 0.02635 x + 8.216 x - 469.4"
306,"           3           2
3.736e-05 x - 0.03303 x + 9.702 x - 560.2"
307,"           3          2
3.665e-05 x - 0.0344 x + 10.73 x - 723.7"
308,"            3           2
-4.455e-05 x + 0.04145 x - 12.81 x + 1701"
309,"           3            2
9.336e-07 x - 0.001591 x + 0.7575 x + 272.7"
310,"          3            2
7.61e-06 x - 0.007087 x + 2.241 x + 143.5"
311,"           3           2
-9.67e-05 x + 0.08809 x - 26.72 x + 3085"
312,"            3           2
-6.969e-05 x + 0.06354 x - 19.31 x + 2342"
313,"           3           2
1.858e-05 x - 0.01676 x + 5.023 x - 114.3"
314,"           3           2
3.731e-05 x - 0.03448 x + 10.64 x - 707.9"
315,"            3           2
-2.918e-05 x + 0.02543 x - 7.298 x + 1077"
316,"          3           2
2.57e-05 x - 0.02403 x + 7.521 x - 397.3"
317,"           3           2
1.652e-05 x - 0.01516 x + 4.682 x - 94.47"
318,"            3           2
-2.545e-05 x + 0.02283 x - 6.757 x + 1052"
319,"            3           2
-6.336e-05 x + 0.05768 x - 17.42 x + 2135"
320,"            3             2
-1.124e-06 x - 0.0002229 x + 0.4988 x + 291.6"
321,"            3           2
-1.747e-05 x + 0.01602 x - 4.86 x + 881.2"
322,"           3           2
1.045e-05 x - 0.00888 x + 2.547 x + 145.4"
323,"           3            2
6.918e-06 x - 0.006614 x + 2.127 x + 164.8"
324,"            3            2
-4.614e-06 x + 0.004188 x - 1.224 x + 510.1"
325,"           3           2
3.435e-05 x - 0.03245 x + 10.24 x - 684.3"
326,"            3           2
-7.395e-05 x + 0.06809 x - 20.79 x + 2497"
327,"            3           2
-3.598e-05 x + 0.03224 x - 9.562 x + 1330"
328,"            3           2
-3.024e-05 x + 0.02975 x - 9.691 x + 1443"
329,"           3           2
5.716e-05 x - 0.05119 x + 15.18 x - 1088"
330,"            3          2
-1.751e-05 x + 0.0181 x - 6.214 x + 1115"
331,"           3           2
5.213e-05 x - 0.04722 x + 14.23 x - 1014"
332,"            3           2
-2.427e-05 x + 0.02217 x - 6.745 x + 1099"
333,"           3            2
1.747e-08 x - 0.001759 x + 1.064 x + 257.7"
334,"           3           2
5.679e-05 x - 0.05102 x + 15.29 x - 1110"
335,"            3           2
-4.525e-05 x + 0.04049 x - 12 x + 1592"
336,"           3           2
4.544e-05 x - 0.04105 x + 12.42 x - 845.3"
337,"            3           2
-0.0001097 x + 0.09914 x - 29.75 x + 3379"
338,"            3           2
-2.558e-05 x + 0.02125 x - 5.77 x + 926.8"
339,"            3           2
-3.358e-05 x + 0.02961 x - 8.597 x + 1240"
340,"            3          2
-1.854e-05 x + 0.0155 x - 4.187 x + 779.7"
341,"            3            2
-7.643e-06 x + 0.006207 x - 1.548 x + 531.8"
342,"           3           2
-3.49e-05 x + 0.03083 x - 8.984 x + 1284"
343,"           3           2
7.263e-05 x - 0.06771 x + 21.04 x - 1758"
344,"           3        2
5.209e-05 x - 0.05 x + 16.04 x - 1304"
345,"           3           2
9.355e-05 x - 0.08518 x + 25.94 x - 2229"
346,"           3           2
7.838e-05 x - 0.07057 x + 21.27 x - 1737"
347,"            3            2
-6.356e-06 x + 0.009808 x - 4.141 x + 932.5"
348,"            3           2
-0.0001024 x + 0.09315 x - 28.17 x + 3232"
349,"           3           2
6.145e-05 x - 0.05313 x + 15.3 x - 1070"
350,"            3           2
-5.545e-05 x + 0.05162 x - 16 x + 2052"
351,"            3           2
-5.218e-05 x + 0.04764 x - 14.49 x + 1867"
352,"            3           2
-1.588e-05 x + 0.01402 x - 4.113 x + 801.6"
353,"           3           2
3.417e-05 x - 0.03175 x + 9.823 x - 609"
354,"            3           2
-6.103e-05 x + 0.05582 x - 17 x + 2127"
355,"            3           2
-0.0001007 x + 0.09109 x - 27.44 x + 3156"
356,"            3          2
-0.0001708 x + 0.1541 x - 46.39 x + 5071"
357,"            3           2
-8.424e-05 x + 0.07418 x - 21.78 x + 2546"
358,"           3            2
6.289e-06 x - 0.005751 x + 1.699 x + 255.5"
359,"            3           2
-2.476e-05 x + 0.02057 x - 5.615 x + 925"
360,"            3           2
-4.899e-05 x + 0.04345 x - 12.81 x + 1685"
361,"           3           2
-7.19e-05 x + 0.06414 x - 19.08 x + 2327"
362,"           3           2
3.128e-05 x - 0.02699 x + 7.714 x - 292.6"
363,"            3           2
-2.055e-05 x + 0.01778 x - 5.086 x + 922.4"
364,"           3           2
7.304e-06 x - 0.00648 x + 1.935 x + 252.7"
365,"            3           2
-5.731e-05 x + 0.05184 x - 15.56 x + 2003"
366,"           3          2
0.0003823 x - 0.3437 x + 103 x - 9832"
367,"           3           2
8.631e-05 x - 0.07929 x + 24.37 x - 2047"
368,"           3           2
5.809e-05 x - 0.05362 x + 16.57 x - 1254"
369,"           3           2
5.386e-05 x - 0.04905 x + 14.93 x - 1058"
370,"           3          2
0.0001112 x - 0.1054 x + 33.3 x - 3047"
371,"           3            2
4.666e-06 x - 0.005907 x + 2.411 x + 147.8"
372,"           3           2
5.426e-05 x - 0.04912 x + 14.91 x - 1053"
373,"          3           2
2.26e-05 x - 0.02202 x + 7.235 x - 333.3"
374,"          3           2
3.28e-05 x - 0.03124 x + 10.01 x - 610.7"
375,"           3           2
8.335e-05 x - 0.07717 x + 23.92 x - 2015"
376,"           3            2
6.644e-06 x - 0.007274 x + 2.745 x + 115.6"
377,"           3           2
-6.16e-05 x + 0.05482 x - 16.06 x + 2014"
378,"           3           2
2.384e-05 x - 0.02263 x + 7.303 x - 332.4"
379,"           3           2
-2.24e-05 x + 0.01888 x - 5.122 x + 903.5"
380,"            3           2
-4.595e-05 x + 0.03963 x - 11.17 x + 1485"
381,"           3           2
2.228e-05 x - 0.02093 x + 6.746 x - 284.1"
382,"           3            2
2.738e-06 x - 0.005796 x + 2.931 x + 15.56"
383,"           3           2
9.617e-06 x - 0.00945 x + 3.257 x + 56.08"
384,"           3         2
0.0001318 x - 0.122 x + 37.76 x - 3467"
385,"           3           2
5.333e-05 x - 0.05001 x + 15.71 x - 1222"
386,"           3           2
4.648e-05 x - 0.04284 x + 13.19 x - 931.1"
387,"           3           2
4.481e-05 x - 0.04148 x + 12.89 x - 914.8"
388,"           3           2
6.357e-05 x - 0.05881 x + 18.2 x - 1456"
389,"           3           2
1.953e-05 x - 0.01931 x + 6.41 x - 286.1"
390,"           3           2
3.031e-05 x - 0.02859 x + 9.101 x - 550.5"
391,"           3            2
3.446e-06 x - 0.004842 x + 2.11 x + 134.3"
392,"            3           2
-2.176e-05 x + 0.01951 x - 5.656 x + 950.1"
393,"            3           2
-3.895e-05 x + 0.03427 x - 9.904 x + 1353"
394,"           3           2
1.995e-05 x - 0.02086 x + 7.25 x - 421.9"
395,"          3           2
7.93e-05 x - 0.07332 x + 22.62 x - 1915"
396,"           3           2
0.0001035 x - 0.09531 x + 29.31 x - 2597"
397,"            3            2
-8.589e-06 x + 0.006986 x - 1.737 x + 538.9"
398,"          3           2
8.83e-05 x - 0.08089 x + 24.79 x - 2126"
399,"           3           2
3.578e-05 x - 0.03374 x + 10.69 x - 721.9"
400,"            3           2
-4.428e-05 x + 0.03943 x - 11.62 x + 1544"
401,"            3           2
-2.961e-05 x + 0.02591 x - 7.451 x + 1115"
402,"            3           2
-1.398e-05 x + 0.01134 x - 2.91 x + 638.5"
403,"          3           2
2.25e-05 x - 0.02185 x + 7.147 x - 381.8"
404,"           3          2
2.778e-05 x - 0.0266 x + 8.591 x - 534.3"
405,"          3           2
1.53e-05 x - 0.01632 x + 5.835 x - 299.5"
406,"            3            2
-9.675e-07 x - 0.001578 x + 1.399 x + 142.5"
407,"            3           2
-3.934e-05 x + 0.03256 x - 8.728 x + 1141"
408,"           3             2
-1.76e-06 x + 0.0004571 x + 0.3392 x + 296.3"
409,"          3          2
5.85e-05 x - 0.0547 x + 17.1 x - 1397"
410,"            3           2
-1.923e-05 x + 0.01784 x - 5.431 x + 926.8"
411,"            3           2
-3.564e-05 x + 0.03194 x - 9.455 x + 1304"
412,"           3          2
3.018e-05 x - 0.0286 x + 9.033 x - 572.2"
413,"           3           2
1.308e-05 x - 0.01345 x + 4.532 x - 119.1"
414,"           3           2
-1.29e-05 x + 0.01215 x - 3.819 x + 781.8"
415,"            3          2
-1.932e-05 x + 0.0171 x - 4.969 x + 854.2"
416,"            3           2
-4.878e-05 x + 0.04477 x - 13.6 x + 1747"
417,"           3           2
-2.37e-05 x + 0.02231 x - 6.931 x + 1090"
418,"            3           2
-1.972e-05 x + 0.01726 x - 4.986 x + 852.1"
419,"           3           2
-3.14e-05 x + 0.02958 x - 9.231 x + 1332"
420,"           3            2
6.417e-06 x - 0.007113 x + 2.628 x + 55.57"
421,"            3           2
-4.951e-05 x + 0.04581 x - 13.99 x + 1789"
422,"            3           2
-3.185e-05 x + 0.02964 x - 9.062 x + 1287"
423,"            3          2
-1.664e-05 x + 0.0151 x - 4.444 x + 797.3"
424,"            3           2
-1.779e-05 x + 0.01608 x - 4.692 x + 812.5"
425,"            3           2
-2.531e-05 x + 0.02315 x - 6.905 x + 1039"
426,"            3           2
-1.376e-05 x + 0.01225 x - 3.522 x + 689.9"
427,"            3           2
-4.592e-05 x + 0.04238 x - 12.88 x + 1647"
428,"           3           2
1.378e-05 x - 0.01401 x + 4.822 x - 208.1"
429,"            3          2
-2.639e-05 x + 0.0247 x - 7.564 x + 1098"
430,"            3           2
-1.417e-05 x + 0.01281 x - 3.776 x + 694.4"
431,"            3            2
-3.904e-06 x + 0.003726 x - 1.138 x + 439"
432,"           3           2
1.113e-05 x - 0.01132 x + 3.855 x - 116.4"
433,"            3            2
-1.114e-05 x + 0.009565 x - 2.642 x + 547.2"
434,"            3           2
-2.158e-05 x + 0.01998 x - 6.1 x + 920.2"
435,"            3           2
-2.193e-05 x + 0.02054 x - 6.375 x + 959.9"
436,"            3            2
-5.181e-06 x + 0.004531 x - 1.31 x + 427.2"
437,"           3          2
7.524e-06 x - 0.0071 x + 2.196 x + 75.07"
438,"           3           2
-3.17e-05 x + 0.02964 x - 9.199 x + 1242"
439,"           3            2
-1.05e-05 x + 0.009774 x - 3.023 x + 607.4"
440,"            3            2
-6.023e-06 x + 0.005941 x - 1.966 x + 516.6"
441,"            3           2
-1.562e-05 x + 0.01421 x - 4.335 x + 738.1"
442,"            3           2
-1.261e-05 x + 0.01087 x - 3.097 x + 586.6"
443,"           3          2
2.488e-05 x - 0.0238 x + 7.541 x - 491.7"
444,"            3           2
-2.964e-05 x + 0.02724 x - 8.361 x + 1159"
445,"            3           2
-3.068e-05 x + 0.02854 x - 8.857 x + 1219"
446,"            3            2
-1.065e-05 x + 0.009913 x - 3.084 x + 625.7"
447,"            3             2
-6.515e-07 x + 3.843e-05 x + 0.1732 x + 268.6"
448,"           3            2
8.126e-07 x - 0.001857 x + 0.9328 x + 171.6"
449,"            3            2
-3.221e-06 x + 0.002411 x - 0.5595 x + 344.9"
450,"           3           2
-2.98e-05 x + 0.02784 x - 8.638 x + 1195"
451,"           3           2
2.512e-05 x - 0.02475 x + 8.091 x - 574.3"
452,"           3            2
9.415e-06 x - 0.009371 x + 3.08 x - 33.78"
453,"           3            2
9.367e-06 x - 0.009691 x + 3.286 x - 65.26"
454,"           3           2
2.449e-05 x - 0.02402 x + 7.79 x - 536"
455,"            3           2
-4.676e-05 x + 0.04267 x - 12.97 x + 1606"
456,"            3           2
-3.398e-05 x + 0.03052 x - 9.094 x + 1187"
457,"            3            2
-8.464e-06 x + 0.006228 x - 1.423 x + 383.3"
458,"            3           2
-1.286e-05 x + 0.01077 x - 2.971 x + 557.7"
459,"            3           2
-2.166e-05 x + 0.01942 x - 5.818 x + 865.9"
460,"            3          2
-1.979e-05 x + 0.0177 x - 5.289 x + 810"
461,"            3            2
-1.112e-05 x + 0.008705 x - 2.225 x + 466"
462,"           3            2
1.084e-05 x - 0.009951 x + 3.009 x - 19.36"
463,"            3           2
-6.411e-05 x + 0.05938 x - 18.33 x + 2166"
464,"            3           2
-2.995e-05 x + 0.02703 x - 8.17 x + 1109"
465,"            3           2
-2.186e-05 x + 0.02007 x - 6.206 x + 927.5"
466,"            3           2
-1.753e-05 x + 0.01605 x - 4.949 x + 794.5"
467,"           3           2
2.418e-05 x - 0.02285 x + 7.143 x - 458.2"
468,"            3            2
-8.085e-06 x + 0.006783 x - 1.925 x + 467.3"
469,"           3           2
3.918e-05 x - 0.03684 x + 11.44 x - 888.8"
470,"            3           2
-6.903e-05 x + 0.06423 x - 19.99 x + 2368"
471,"            3           2
-2.297e-05 x + 0.02111 x - 6.536 x + 973.7"
472,"            3           2
-3.098e-05 x + 0.02759 x - 8.228 x + 1116"
473,"            3           2
-1.299e-05 x + 0.01189 x - 3.658 x + 674.8"
474,"          3          2
8.47e-05 x - 0.0791 x + 24.57 x - 2239"
475,"           3            2
9.822e-06 x - 0.009665 x + 3.122 x - 29.67"
476,"            3            2
-8.553e-06 x + 0.007263 x - 2.085 x + 507.4"
477,"            3           2
-9.016e-05 x + 0.08261 x - 25.23 x + 2872"
478,"           3           2
9.589e-05 x - 0.08884 x + 27.32 x - 2482"
479,"           3           2
4.821e-05 x - 0.04647 x + 14.85 x - 1260"
480,"           3            2
2.267e-06 x - 0.002166 x + 0.6729 x + 252.1"
481,"            3           2
-1.536e-05 x + 0.01317 x - 3.764 x + 683.8"
482,"            3           2
-8.708e-05 x + 0.08063 x - 24.84 x + 2874"
483,"           3            2
8.736e-06 x - 0.007535 x + 2.111 x + 139"
484,"            3           2
-1.581e-05 x + 0.01368 x - 3.951 x + 715.1"
485,"            3           2
-4.353e-05 x + 0.03896 x - 11.62 x + 1491"
486,"           3           2
7.751e-05 x - 0.07188 x + 22.13 x - 1921"
487,"           3            2
2.138e-06 x - 0.002365 x + 0.8746 x + 239"
488,"           3           2
-5.96e-05 x + 0.05542 x - 17.13 x + 2110"
489,"            3           2
-5.266e-05 x + 0.04815 x - 14.64 x + 1834"
490,"            3           2
-1.364e-05 x + 0.01235 x - 3.67 x + 713"
491,"            3            2
-1.085e-05 x + 0.009308 x - 2.614 x + 596.2"
492,"            3           2
-3.539e-05 x + 0.03362 x - 10.64 x + 1483"
493,"            3           2
-4.155e-05 x + 0.03866 x - 12.01 x + 1609"
494,"            3           2
-2.153e-05 x + 0.02099 x - 6.808 x + 1102"
495,"           3           2
2.436e-05 x - 0.02225 x + 6.775 x - 318.9"
496,"            3           2
-1.392e-05 x + 0.01184 x - 3.281 x + 664.7"
497,"           3          2
1.486e-05 x - 0.0156 x + 5.366 x - 235.8"
498,"           3           2
1.834e-05 x - 0.01741 x + 5.506 x - 208.4"
499,"           3           2
3.081e-05 x - 0.02881 x + 8.989 x - 565.6"
500,"            3           2
-4.688e-05 x + 0.04184 x - 12.36 x + 1582"
501,"            3            2
-1.318e-06 x + 0.001584 x - 0.5914 x + 449.6"
502,"           3           2
-6.11e-05 x + 0.05562 x - 16.87 x + 2090"
503,"           3            2
9.083e-06 x - 0.008382 x + 2.565 x + 130.8"
504,"            3           2
-9.022e-05 x + 0.08303 x - 25.34 x + 2961"
505,"            3          2
-2.322e-05 x + 0.0208 x - 6.121 x + 989"
506,"          3           2
-6.9e-05 x + 0.06301 x - 19.09 x + 2318"
507,"            3             2
-1.076e-06 x + 0.0007771 x - 0.1286 x + 398.3"
508,"            3           2
-3.854e-05 x + 0.03457 x - 10.24 x + 1405"
509,"            3          2
-2.262e-05 x + 0.0193 x - 5.369 x + 890.1"
510,"            3           2
-3.893e-05 x + 0.03474 x - 10.23 x + 1401"
511,"           3           2
0.0001038 x - 0.09594 x + 29.63 x - 2648"
512,"           3            2
2.072e-06 x - 0.004292 x + 2.174 x + 88.42"
513,"            3           2
-2.629e-05 x + 0.02263 x - 6.331 x + 980.3"
514,"           3          2
4.878e-05 x - 0.0465 x + 14.86 x - 1181"
515,"           3            2
3.932e-06 x - 0.005098 x + 2.114 x + 124.9"
516,"            3           2
-2.112e-05 x + 0.01779 x - 4.829 x + 823.7"
517,"            3             2
-1.355e-06 x - 0.0007646 x + 0.9653 x + 219.7"
518,"           3           2
3.192e-05 x - 0.02923 x + 8.992 x - 523.1"
519,"           3           2
3.488e-05 x - 0.03275 x + 10.26 x - 661.2"
520,"            3           2
-9.692e-05 x + 0.08737 x - 26.16 x + 3010"
521,"            3           2
-2.686e-05 x + 0.02322 x - 6.57 x + 1017"
522,"            3           2
-3.324e-05 x + 0.02769 x - 7.492 x + 1059"
523,"           3           2
1.587e-05 x - 0.01646 x + 5.758 x - 270"
524,"            3           2
-4.102e-05 x + 0.03667 x - 10.83 x + 1459"
525,"            3          2
-3.117e-05 x + 0.0275 x - 7.989 x + 1165"
526,"           3           2
4.796e-05 x - 0.04662 x + 15.12 x - 1230"
527,"            3           2
-1.783e-05 x + 0.01504 x - 4.103 x + 764"
528,"           3           2
7.655e-05 x - 0.07203 x + 22.65 x - 1970"
529,"            3           2
-9.255e-05 x + 0.08378 x - 25.12 x + 2899"
530,"           3            2
3.357e-07 x - 0.002266 x + 1.42 x + 174.6"
531,"            3           2
-5.181e-05 x + 0.04616 x - 13.55 x + 1712"
532,"            3           2
-1.905e-05 x + 0.01533 x - 3.922 x + 714.4"
533,"            3           2
-3.731e-05 x + 0.03292 x - 9.621 x + 1331"
534,"           3           2
9.313e-05 x - 0.08493 x + 25.86 x - 2227"
535,"            3           2
-3.172e-05 x + 0.02791 x - 8.022 x + 1152"
536,"           3            2
2.916e-06 x - 0.004597 x + 2.096 x + 109.5"
537,"           3           2
-1.84e-05 x + 0.01616 x - 4.613 x + 830.2"
538,"            3           2
-3.121e-05 x + 0.02631 x - 7.202 x + 1037"
539,"           3           2
3.413e-05 x - 0.03291 x + 10.65 x - 755.9"
540,"           3           2
3.863e-05 x - 0.03617 x + 11.37 x - 802.2"
541,"           3           2
7.183e-05 x - 0.06691 x + 20.82 x - 1765"
542,"           3           2
4.126e-05 x - 0.03871 x + 12.16 x - 882.8"
543,"           3          2
8.634e-05 x - 0.0798 x + 24.63 x - 2142"
544,"            3           2
-0.0001019 x + 0.09233 x - 27.74 x + 3161"
545,"           3          2
9.661e-05 x - 0.0879 x + 26.68 x - 2304"
546,"            3           2
-5.774e-05 x + 0.05325 x - 16.3 x + 2054"
547,"           3         2
0.0001336 x - 0.125 x + 38.9 x - 3626"
548,"           3           2
2.706e-05 x - 0.02722 x + 9.11 x - 606.1"
549,"           3          2
0.0001756 x - 0.1621 x + 49.93 x - 4720"
550,"           3           2
4.576e-05 x - 0.04359 x + 13.89 x - 1061"
551,"            3           2
-2.307e-05 x + 0.01939 x - 5.312 x + 893"
552,"           3           2
2.477e-05 x - 0.02514 x + 8.503 x - 534.2"
553,"           3           2
6.913e-05 x - 0.06559 x + 20.79 x - 1778"
554,"            3         2
-2.906e-05 x + 0.023 x - 5.776 x + 876"
555,"            3          2
-0.0001652 x + 0.1487 x - 44.43 x + 4837"
556,"           3           2
8.313e-05 x - 0.07699 x + 23.86 x - 2037"
557,"           3          2
0.0001215 x - 0.1134 x + 35.36 x - 3243"
558,"           3           2
6.036e-05 x - 0.05658 x + 17.79 x - 1436"
559,"            3           2
-9.792e-05 x + 0.08745 x - 25.84 x + 2968"
560,"            3           2
-1.783e-05 x + 0.01313 x - 2.892 x + 611.5"
561,"            3            2
-1.452e-05 x + 0.009657 x - 1.724 x + 482.7"
562,"            3           2
-1.396e-05 x + 0.01127 x - 2.841 x + 656.7"
563,"            3           2
-2.084e-05 x + 0.01907 x - 5.694 x + 998.7"
564,"           3            2
2.573e-06 x - 0.004848 x + 2.365 x + 104.9"
565,"            3           2
-4.137e-05 x + 0.03639 x - 10.56 x + 1454"
566,"           3           2
1.184e-05 x - 0.01153 x + 3.816 x + 18.51"
567,"            3           2
-3.417e-05 x + 0.02914 x - 8.117 x + 1182"
568,"           3           2
-7.43e-05 x + 0.06641 x - 19.62 x + 2361"
569,"            3           2
-2.717e-05 x + 0.02354 x - 6.673 x + 1060"
570,"            3           2
-6.763e-05 x + 0.05882 x - 16.85 x + 2033"
571,"            3          2
-0.0001357 x + 0.1214 x - 36.01 x + 3991"
572,"           3            2
9.019e-06 x - 0.008197 x + 2.6 x + 162.9"
573,"           3           2
9.064e-05 x - 0.08312 x + 25.49 x - 2162"
574,"            3          2
-0.0001381 x + 0.1229 x - 36.27 x + 3996"
575,"           3           2
7.546e-05 x - 0.06841 x + 20.83 x - 1679"
576,"            3             2
-1.633e-06 x - 0.0004369 x + 0.843 x + 282"
577,"           3           2
1.694e-05 x - 0.01853 x + 6.7 x - 346"
578,"            3            2
-2.668e-06 x + 0.001023 x + 0.2534 x + 355.1"
579,"           3         2
0.0002892 x - 0.259 x + 77.41 x - 7278"
580,"           3          2
0.0001089 x - 0.1008 x + 31.31 x - 2820"
581,"           3           2
2.936e-05 x - 0.02831 x + 9.182 x - 568.8"
582,"            3           2
-6.458e-05 x + 0.05693 x - 16.57 x + 2018"
583,"           3          2
0.0001363 x - 0.1251 x + 38.33 x - 3499"
584,"           3          2
0.0002558 x - 0.2322 x + 70.28 x - 6672"
585,"            3          2
-0.0001489 x + 0.1295 x - 37.36 x + 4000"
586,"            3          2
-0.0001532 x + 0.1395 x - 42.31 x + 4691"
587,"           3         2
0.0001573 x - 0.143 x + 43.34 x - 3959"
588,"           3           2
-8.36e-05 x + 0.07312 x - 21.25 x + 2468"
589,"           3           2
6.657e-05 x - 0.06236 x + 19.44 x - 1601"
590,"           3           2
2.972e-06 x - 0.00318 x + 1.118 x + 288.2"
591,"            3          2
-0.0001311 x + 0.1199 x - 36.46 x + 4109"
592,"            3            2
-6.428e-06 x + 0.004209 x - 0.7578 x + 443.5"
593,"           3           2
9.221e-05 x - 0.08091 x + 23.67 x - 1885"
594,"            3           2
-8.475e-05 x + 0.07504 x - 22.1 x + 2593"
595,"           3            2
3.508e-06 x - 0.005334 x + 2.284 x + 127.8"
596,"            3          2
-0.0001424 x + 0.1261 x - 37.1 x + 4050"
597,"           3           2
6.518e-05 x - 0.05976 x + 18.31 x - 1444"
598,"           3            2
6.477e-06 x - 0.007177 x + 2.643 x + 111"
599,"            3           2
-7.313e-05 x + 0.06638 x - 19.97 x + 2424"
600,"           3           2
4.382e-05 x - 0.03998 x + 12.25 x - 825.4"
601,"           3            2
2.124e-06 x - 0.003679 x + 1.779 x + 174.7"
602,"            3           2
-6.691e-06 x + 0.00178 x + 0.8462 x + 203"
603,"           3           2
3.223e-05 x - 0.02987 x + 9.334 x - 547.5"
604,"            3           2
-2.791e-05 x + 0.02371 x - 6.557 x + 1020"
605,"           3          2
0.0003954 x - 0.3557 x + 106.8 x - 1.027e+04"
606,"            3           2
-6.396e-05 x + 0.05383 x - 14.8 x + 1743"
607,"          3           2
4.71e-05 x - 0.04667 x + 15.37 x - 1271"
608,"           3            2
3.093e-06 x - 0.004819 x + 2.123 x + 119.8"
609,"            3           2
-3.915e-05 x + 0.03335 x - 9.362 x + 1268"
610,"           3            2
4.044e-06 x - 0.005733 x + 2.399 x + 82.53"
611,"           3           2
4.564e-05 x - 0.04283 x + 13.45 x - 1026"
612,"           3           2
7.104e-05 x - 0.06393 x + 19.25 x - 1558"
613,"           3           2
9.785e-06 x - 0.01017 x + 3.555 x - 42.63"
614,"           3           2
-7.63e-05 x + 0.06846 x - 20.4 x + 2380"
615,"            3          2
-0.0001521 x + 0.1352 x - 39.98 x + 4289"
616,"            3          2
-0.0001321 x + 0.1183 x - 35.37 x + 3881"
617,"            3            2
-1.046e-05 x + 0.009228 x - 2.761 x + 630.6"
618,"            3          2
-6.915e-05 x + 0.0609 x - 17.82 x + 2075"
619,"            3          2
-0.0001633 x + 0.1469 x - 43.96 x + 4717"
620,"            3            2
-3.797e-06 x + 0.003037 x - 0.8225 x + 420.5"
621,"           3           2
-1.47e-05 x + 0.01158 x - 3.034 x + 606.6"
622,"            3          2
-4.643e-05 x + 0.0427 x - 13.15 x + 1692"
623,"           3          2
-0.000178 x + 0.1581 x - 46.79 x + 4952"
624,"            3           2
-7.921e-05 x + 0.06671 x - 18.68 x + 2076"
625,"           3         2
0.0002432 x - 0.218 x + 64.92 x - 6089"
626,"           3           2
0.0001019 x - 0.08907 x + 25.81 x - 2143"
627,"            3           2
-5.104e-05 x + 0.04201 x - 11.51 x + 1389"
628,"            3           2
-2.942e-05 x + 0.02528 x - 7.283 x + 1046"
629,"            3             2
-3.027e-06 x + 0.0006831 x + 0.3483 x + 257.4"
630,"            3           2
-4.951e-05 x + 0.04509 x - 13.67 x + 1718"
631,"           3          2
4.094e-05 x - 0.0379 x + 11.64 x - 843.9"
632,"           3           2
2.399e-05 x - 0.02111 x + 6.113 x - 235"
633,"           3           2
9.761e-05 x - 0.09035 x + 27.74 x - 2475"
634,"            3          2
-0.0003486 x + 0.3118 x - 92.92 x + 9575"
635,"            3         2
-0.0002571 x + 0.226 x - 66.31 x + 6847"
636,"           3           2
0.0001007 x - 0.08753 x + 25.3 x - 2070"
637,"            3          2
-0.0002601 x + 0.2323 x - 69.04 x + 7189"
638,"            3          2
-0.0001574 x + 0.1374 x - 39.9 x + 4219"
639,"       3            2
1e-05 x - 0.006512 x + 1.175 x + 326.4"
640,"           3           2
3.837e-05 x - 0.03439 x + 10.18 x - 632"
641,"           3           2
5.789e-05 x - 0.05416 x + 16.81 x - 1368"
642,"           3            2
7.805e-06 x - 0.004184 x + 0.3737 x + 421.5"
643,"           3          2
9.233e-05 x - 0.0847 x + 25.81 x - 2244"
644,"            3         2
-0.0001697 x + 0.152 x - 45.32 x + 4864"
645,"           3          2
-0.000158 x + 0.1401 x - 41.32 x + 4420"
646,"            3            2
-1.138e-05 x + 0.008172 x - 1.766 x + 473.3"
647,"            3           2
-2.952e-05 x + 0.02737 x - 8.442 x + 1234"
648,"            3           2
-5.266e-05 x + 0.04741 x - 14.16 x + 1772"
649,"           3           2
4.501e-05 x - 0.04107 x + 12.57 x - 917.1"
650,"            3             2
-2.851e-07 x + 6.624e-05 x + 0.07011 x + 354"
651,"           3           2
5.058e-05 x - 0.04605 x + 14.01 x - 1047"
652,"            3          2
-0.0001213 x + 0.1032 x - 29.09 x + 3093"
653,"           3           2
2.482e-05 x - 0.02405 x + 7.745 x - 448.9"
654,"           3          2
0.0001696 x - 0.1503 x + 44.43 x - 4001"
655,"            3           2
-6.282e-05 x + 0.05605 x - 16.6 x + 2011"
656,"           3          2
0.0001933 x - 0.1768 x + 53.86 x - 5080"
657,"            3            2
-7.367e-06 x + 0.005904 x - 1.488 x + 499.6"
658,"           3           2
4.579e-05 x - 0.04184 x + 12.8 x - 925.6"
659,"          3         2
0.000169 x - 0.153 x + 46.17 x - 4262"
660,"           3           2
3.689e-05 x - 0.03614 x + 11.81 x - 902.9"
661,"            3           2
-1.226e-05 x + 0.00925 x - 2.153 x + 526.9"
662,"           3          2
0.0001799 x - 0.1626 x + 49.08 x - 4571"
663,"           3           2
0.0001002 x - 0.09065 x + 27.43 x - 2412"
664,"           3           2
7.036e-05 x - 0.06124 x + 17.88 x - 1390"
665,"           3           2
5.531e-05 x - 0.04942 x + 14.78 x - 1119"
666,"           3          2
0.0001233 x - 0.1082 x + 31.59 x - 2714"
667,"           3            2
4.907e-06 x - 0.002902 x + 0.4776 x + 345.8"
668,"            3           2
-2.986e-05 x + 0.02643 x - 7.688 x + 1095"
669,"           3          2
1.053e-05 x - 0.0111 x + 3.893 x - 94.39"
670,"            3           2
-2.252e-05 x + 0.01853 x - 4.978 x + 786.1"
671,"            3           2
-1.263e-05 x + 0.01151 x - 3.485 x + 702.3"
672,"            3           2
-4.703e-05 x + 0.04184 x - 12.42 x + 1583"
673,"            3           2
-2.503e-05 x + 0.01995 x - 5.26 x + 810.4"
674,"            3          2
-0.0001343 x + 0.1208 x - 36.14 x + 3949"
675,"           3           2
3.694e-05 x - 0.03549 x + 11.28 x - 833.7"
676,"           3           2
2.937e-05 x - 0.02764 x + 8.6 x - 529.3"
677,"           3           2
8.406e-05 x - 0.07741 x + 23.62 x - 2029"
678,"            3           2
-6.296e-05 x + 0.05587 x - 16.44 x + 1970"
679,"            3          2
-2.577e-05 x + 0.0245 x - 7.713 x + 1180"
680,"           3           2
2.829e-05 x - 0.02532 x + 7.587 x - 378.4"
681,"           3           2
2.981e-05 x - 0.02647 x + 7.876 x - 399.8"
682,"           3           2
2.669e-05 x - 0.02335 x + 6.88 x - 292.8"
683,"            3           2
-6.475e-05 x + 0.05974 x - 18.26 x + 2245"
684,"            3           2
-2.187e-05 x + 0.01886 x - 5.359 x + 899.5"
685,"            3           2
-3.015e-05 x + 0.02751 x - 8.256 x + 1215"
686,"         3           2
5.3e-05 x - 0.04774 x + 14.48 x - 1076"
687,"           3            2
4.473e-06 x - 0.004364 x + 1.542 x + 211.3"
688,"            3           2
-2.682e-05 x + 0.02247 x - 6.115 x + 938.2"
689,"           3           2
-2.24e-05 x + 0.01936 x - 5.436 x + 893.4"
690,"           3           2
8.915e-06 x - 0.01156 x + 4.724 x - 215.4"
691,"           3           2
5.777e-05 x - 0.05446 x + 17.2 x - 1414"
692,"           3           2
3.428e-05 x - 0.03211 x + 10.11 x - 669.9"
693,"           3          2
4.374e-05 x - 0.0424 x + 13.75 x - 1098"
694,"           3          2
0.0001209 x - 0.1124 x + 34.87 x - 3222"
695,"           3          2
0.0001266 x - 0.1165 x + 35.84 x - 3297"
696,"           3            2
3.646e-06 x - 0.004873 x + 2.075 x + 101.8"
697,"           3           2
4.059e-05 x - 0.03765 x + 11.71 x - 836.3"
698,"            3            2
-6.275e-06 x + 0.004091 x - 0.7457 x + 402.1"
699,"            3           2
-3.112e-05 x + 0.02685 x - 7.577 x + 1070"
700,"            3           2
-8.982e-05 x + 0.07961 x - 23.36 x + 2648"
701,"           3            2
5.492e-06 x - 0.006739 x + 2.61 x + 51.53"
702,"            3           2
-5.502e-05 x + 0.04957 x - 14.78 x + 1830"
703,"           3          2
0.0001464 x - 0.1375 x + 43 x - 4111"
704,"            3           2
-4.766e-05 x + 0.03804 x - 9.896 x + 1208"
705,"           3           2
5.826e-05 x - 0.05204 x + 15.41 x - 1137"
706,"           3           2
5.184e-05 x - 0.04601 x + 13.6 x - 958"
707,"           3           2
8.243e-05 x - 0.07749 x + 24.31 x - 2160"
708,"            3           2
-1.614e-05 x + 0.01502 x - 4.583 x + 843.2"
709,"           3            2
-2.82e-06 x + 0.003116 x - 1.101 x + 513.1"
710,"           3           2
7.151e-05 x - 0.06601 x + 20.31 x - 1693"
711,"           3           2
1.979e-05 x - 0.02025 x + 6.896 x - 388.6"
712,"            3           2
-2.179e-06 x + 0.00152 x - 0.2559 x + 387.7"
713,"           3         2
1.516e-05 x - 0.015 x + 5.015 x - 173.4"
714,"            3           2
-4.483e-05 x + 0.04037 x - 11.97 x + 1559"
715,"          3           2
4.62e-05 x - 0.04476 x + 14.46 x - 1167"
716,"         3           2
3.7e-05 x - 0.03559 x + 11.45 x - 845.5"
717,"           3           2
8.072e-05 x - 0.07584 x + 23.81 x - 2108"
718,"            3           2
-7.253e-06 x + 0.00553 x - 1.261 x + 465.5"
719,"           3           2
1.025e-05 x - 0.01081 x + 3.826 x - 69.45"
720,"           3            2
4.385e-06 x - 0.005243 x + 2.131 x + 94.59"
721,"            3           2
-1.591e-05 x + 0.01389 x - 3.854 x + 714.6"
722,"           3           2
2.254e-05 x - 0.02173 x + 7.024 x - 383.6"
723,"           3             2
-3.68e-07 x + 0.0001973 x + 0.005579 x + 366.3"
724,"            3           2
-4.453e-05 x + 0.04053 x - 12.24 x + 1600"
725,"            3           2
-4.083e-05 x + 0.03706 x - 11.11 x + 1474"
726,"            3           2
-4.053e-05 x + 0.03673 x - 11.05 x + 1475"
727,"            3            2
-2.054e-06 x + 0.001785 x - 0.4641 x + 405.2"
728,"            3           2
-1.374e-05 x + 0.01204 x - 3.421 x + 684"
729,"          3            2
-4.3e-06 x + 0.003012 x - 0.5677 x + 381.8"
730,"           3           2
1.253e-05 x - 0.01192 x + 3.816 x - 48.19"
731,"            3            2
-9.013e-08 x - 0.001334 x + 0.9408 x + 198.8"
732,"           3           2
1.027e-05 x - 0.01068 x + 3.744 x - 81.73"
733,"           3           2
9.898e-05 x - 0.09052 x + 27.59 x - 2449"
734,"            3           2
-6.346e-05 x + 0.05682 x - 16.85 x + 2005"
735,"            3           2
-2.838e-05 x + 0.02463 x - 7.052 x + 1011"
736,"           3           2
4.522e-05 x - 0.04307 x + 13.67 x - 1098"
737,"           3           2
7.596e-05 x - 0.07181 x + 22.56 x - 2006"
738,"          3           2
1.35e-05 x - 0.01385 x + 4.716 x - 183.4"
739,"            3            2
-6.881e-06 x + 0.006321 x - 1.885 x + 532.1"
740,"          3           2
1.32e-05 x - 0.01375 x + 4.736 x - 187.7"
741,"           3          2
2.055e-05 x - 0.0199 x + 6.456 x - 349.2"
742,"            3           2
-5.289e-05 x + 0.04847 x - 14.69 x + 1820"
743,"            3            2
-5.442e-06 x + 0.003595 x - 0.5706 x + 340"
744,"            3           2
-3.222e-05 x + 0.02926 x - 8.763 x + 1208"
745,"           3           2
3.665e-05 x - 0.03428 x + 10.7 x - 772.3"
746,"           3          2
1.802e-05 x - 0.0181 x + 6.076 x - 338.5"
747,"            3           2
-8.483e-06 x + 0.00641 x - 1.454 x + 427.5"
748,"            3           2
-1.045e-05 x + 0.00828 x - 2.075 x + 499.4"
749,"           3           2
4.182e-05 x - 0.03954 x + 12.48 x - 971.2"
750,"            3           2
-2.348e-05 x + 0.02064 x - 5.951 x + 903.4"
751,"            3           2
-4.794e-05 x + 0.04101 x - 11.52 x + 1395"
752,"           3           2
2.215e-05 x - 0.02136 x + 6.964 x - 432.6"
753,"           3           2
-3.99e-05 x + 0.03384 x - 9.363 x + 1172"
754,"           3           2
1.397e-05 x - 0.01357 x + 4.445 x - 159.5"
755,"           3           2
2.822e-05 x - 0.02657 x + 8.347 x - 546.6"
756,"          3           2
1.84e-05 x - 0.01815 x + 5.958 x - 323.5"
757,"           3           2
1.855e-05 x - 0.01758 x + 5.58 x - 265.5"
758,"           3           2
6.435e-05 x - 0.05727 x + 16.97 x - 1349"
759,"           3           2
2.148e-05 x - 0.02124 x + 6.993 x - 438.4"
760,"           3           2
4.433e-05 x - 0.03978 x + 11.92 x - 865.4"
761,"           3          2
0.0001114 x - 0.1037 x + 32.13 x - 2984"
762,"            3           2
-1.355e-05 x + 0.01108 x - 3.029 x + 609.8"
763,"            3           2
-3.743e-05 x + 0.03466 x - 10.7 x + 1435"
764,"           3          2
4.896e-05 x - 0.0453 x + 13.97 x - 1101"
765,"           3           2
6.344e-05 x - 0.06081 x + 19.43 x - 1731"
766,"            3            2
-8.624e-06 x + 0.007016 x - 1.831 x + 493.8"
767,"           3           2
7.446e-05 x - 0.06881 x + 21.17 x - 1826"
768,"            3             2
-1.127e-06 x + 0.0001568 x + 0.2759 x + 277.5"
769,"            3           2
-9.943e-05 x + 0.08855 x - 26.15 x + 2905"
770,"           3           2
1.064e-05 x - 0.01193 x + 4.364 x - 172.5"
771,"           3           2
4.001e-06 x - 0.00496 x + 1.935 x + 113"
772,"           3           2
6.624e-05 x - 0.06254 x + 19.63 x - 1688"
773,"           3           2
6.914e-05 x - 0.06313 x + 19.21 x - 1583"
774,"           3           2
4.779e-05 x - 0.04477 x + 14.01 x - 1095"
775,"           3           2
4.785e-05 x - 0.04596 x + 14.72 x - 1198"
776,"            3           2
-3.763e-05 x + 0.03415 x - 10.25 x + 1393"
777,"            3           2
-7.719e-06 x + 0.00677 x - 1.896 x + 545.3"
778,"           3           2
3.832e-05 x - 0.03776 x + 12.38 x - 968.2"
779,"            3           2
-2.122e-05 x + 0.01811 x - 5.065 x + 845.2"
780,"           3           2
1.332e-05 x - 0.01334 x + 4.455 x - 109.9"
781,"           3          2
5.888e-05 x - 0.0563 x + 17.95 x - 1516"
782,"           3           2
2.987e-05 x - 0.02958 x + 9.822 x - 695.6"
783,"           3          2
5.269e-05 x - 0.0496 x + 15.65 x - 1258"
784,"          3          2
0.000111 x - 0.1063 x + 33.91 x - 3202"
785,"           3          2
0.0001432 x - 0.1339 x + 41.74 x - 3934"
786,"           3           2
6.935e-05 x - 0.06785 x + 22.08 x - 1988"
787,"           3           2
3.885e-05 x - 0.03702 x + 11.82 x - 858"
788,"           3           2
2.516e-05 x - 0.02614 x + 9.033 x - 624.3"
789,"           3           2
7.127e-05 x - 0.06705 x + 21.06 x - 1790"
790,"           3           2
3.803e-05 x - 0.03784 x + 12.53 x - 961.5"
791,"           3          2
5.737e-05 x - 0.0541 x + 17.04 x - 1374"
792,"            3           2
-3.936e-05 x + 0.03556 x - 10.57 x + 1452"
793,"            3           2
-5.652e-05 x + 0.05143 x - 15.48 x + 1965"
794,"           3            2
3.349e-06 x - 0.005093 x + 2.247 x + 116.4"
795,"           3           2
2.766e-05 x - 0.02691 x + 8.75 x - 528.3"
796,"            3            2
-1.039e-07 x - 0.001269 x + 0.8989 x + 268.5"
797,"          3           2
3.79e-05 x - 0.03739 x + 12.37 x - 950.5"
798,"           3           2
2.704e-05 x - 0.02592 x + 8.434 x - 510.1"
799,"            3           2
-5.546e-05 x + 0.04922 x - 14.35 x + 1788"
800,"           3           2
1.428e-05 x - 0.01472 x + 5.129 x - 191.4"
801,"            3           2
-2.135e-05 x + 0.01858 x - 5.201 x + 870"
802,"           3           2
2.179e-05 x - 0.02238 x + 7.692 x - 476.5"
803,"            3           2
-3.731e-05 x + 0.03357 x - 9.953 x + 1372"
804,"            3           2
-1.178e-05 x + 0.01046 x - 3.03 x + 684.3"
805,"            3           2
-1.233e-05 x + 0.01025 x - 2.731 x + 627"
806,"           3            2
7.934e-06 x - 0.008086 x + 2.764 x + 84.04"
807,"           3           2
3.564e-05 x - 0.03338 x + 10.47 x - 699.7"
808,"            3           2
-3.791e-05 x + 0.03404 x - 10.09 x + 1382"
809,"           3          2
0.0001045 x - 0.0972 x + 30.12 x - 2716"
810,"           3          2
-0.000148 x + 0.1319 x - 39.03 x + 4228"
811,"           3          2
0.0001347 x - 0.1259 x + 39.13 x - 3654"
812,"           3           2
1.335e-05 x - 0.01495 x + 5.413 x - 242.8"
813,"           3           2
5.173e-05 x - 0.04995 x + 16.07 x - 1324"
814,"           3           2
7.234e-05 x - 0.06885 x + 21.85 x - 1914"
815,"           3           2
5.344e-05 x - 0.05236 x + 17.13 x - 1468"
816,"           3          2
0.0001312 x - 0.1232 x + 38.56 x - 3619"
817,"           3           2
1.773e-05 x - 0.01964 x + 7.103 x - 437.7"
818,"           3           2
2.303e-05 x - 0.02446 x + 8.596 x - 596"
819,"           3           2
7.553e-05 x - 0.07281 x + 23.42 x - 2109"
820,"           3           2
9.229e-05 x - 0.08747 x + 27.67 x - 2515"
821,"           3          2
0.0002552 x - 0.2337 x + 71.3 x - 6843"
822,"           3          2
0.0001042 x - 0.0963 x + 29.71 x - 2658"
823,"            3            2
-2.301e-06 x - 0.000126 x + 0.7783 x + 245.8"
824,"           3          2
0.0001416 x - 0.1318 x + 40.9 x - 3820"
825,"           3           2
0.0001011 x - 0.09312 x + 28.59 x - 2517"
826,"           3           2
2.298e-05 x - 0.02277 x + 7.6 x - 441.2"
827,"           3           2
6.927e-05 x - 0.06512 x + 20.49 x - 1746"
828,"          3          2
0.000171 x - 0.1578 x + 48.54 x - 4570"
829,"           3           2
8.162e-05 x - 0.07775 x + 24.65 x - 2187"
830,"           3          2
0.0001634 x - 0.1454 x + 43.06 x - 3827"
831,"            3             2
-1.506e-06 x + 0.0009324 x - 0.1528 x + 420"
832,"           3         2
0.0001582 x - 0.145 x + 44.34 x - 4098"
833,"            3           2
-5.311e-05 x + 0.04898 x - 14.93 x + 1925"
834,"            3           2
-4.175e-05 x + 0.03742 x - 11.14 x + 1521"
835,"           3             2
6.474e-07 x - 0.0003604 x + 0.1187 x + 400.6"
836,"           3           2
7.284e-05 x - 0.06752 x + 20.92 x - 1744"
837,"           3          2
4.627e-05 x - 0.0414 x + 12.38 x - 821.1"
838,"            3           2
-6.534e-05 x + 0.05829 x - 17.28 x + 2121"
839,"           3           2
4.169e-05 x - 0.03909 x + 12.25 x - 863.5"
840,"           3           2
5.548e-05 x - 0.05405 x + 17.54 x - 1473"
841,"            3            2
-1.976e-06 x + 0.001783 x - 0.4093 x + 436.5"
842,"           3           2
0.0001051 x - 0.09509 x + 28.73 x - 2479"
843,"           3           2
3.384e-06 x - 0.00475 x + 2.05 x + 141.2"
844,"           3          2
3.248e-05 x - 0.0311 x + 9.957 x - 647.4"
845,"          3           2
5.49e-05 x - 0.05284 x + 16.98 x - 1400"
846,"           3          2
0.0003002 x - 0.2717 x + 81.97 x - 7825"
847,"           3           2
8.762e-05 x - 0.08119 x + 25.11 x - 2168"
848,"          3           2
1.22e-05 x - 0.01301 x + 4.642 x - 131.2"
849,"           3          2
0.0001308 x - 0.1201 x + 36.78 x - 3337"
850,"           3           2
4.261e-05 x - 0.03967 x + 12.38 x - 873.3"
851,"           3           2
7.535e-05 x - 0.06934 x + 21.31 x - 1767"
852,"            3           2
-5.833e-05 x + 0.05276 x - 15.82 x + 1990"
853,"            3          2
-0.0001179 x + 0.1062 x - 31.77 x + 3574"
854,"           3           2
-2.15e-05 x + 0.01714 x - 4.416 x + 785.3"
855,"            3           2
-1.636e-05 x + 0.01517 x - 4.625 x + 890.2"
856,"           3          2
0.0001172 x - 0.1048 x + 31.24 x - 2673"
857,"            3          2
-0.0001499 x + 0.1361 x - 41.13 x + 4569"
858,"            3          2
-2.036e-05 x + 0.0206 x - 6.827 x + 1181"
859,"           3          2
0.0001566 x - 0.1436 x + 43.86 x - 4021"
860,"           3          2
0.0001504 x - 0.1369 x + 41.48 x - 3743"
861,"           3           2
-5.66e-05 x + 0.05036 x - 14.84 x + 1897"
862,"           3           2
0.0001065 x - 0.09742 x + 29.64 x - 2547"
863,"            3           2
-6.508e-05 x + 0.05905 x - 17.77 x + 2230"
864,"           3         2
0.0001286 x - 0.118 x + 36.09 x - 3218"
865,"           3          2
7.013e-05 x - 0.0651 x + 20.22 x - 1636"
866,"          3            2
9.52e-06 x - 0.009992 x + 3.565 x + 36.77"
867,"           3          2
0.0001109 x - 0.1041 x + 32.61 x - 2941"
868,"            3          2
-7.211e-05 x + 0.0638 x - 18.64 x + 2267"
869,"           3           2
7.549e-05 x - 0.07323 x + 23.69 x - 2081"
870,"           3          2
0.0001334 x - 0.1246 x + 38.86 x - 3570"
871,"           3           2
2.375e-05 x - 0.02365 x + 7.952 x - 422.4"
872,"            3            2
-4.679e-06 x + 0.002397 x - 0.006263 x + 386.3"
873,"           3           2
3.733e-05 x - 0.03657 x + 12.02 x - 851"
874,"           3           2
2.893e-05 x - 0.02738 x + 8.772 x - 476.7"
875,"            3           2
-6.203e-05 x + 0.05526 x - 16.17 x + 2019"
876,"            3           2
-7.018e-05 x + 0.06324 x - 18.78 x + 2300"
877,"          3           2
4.24e-05 x - 0.04157 x + 13.68 x - 1045"
878,"           3           2
2.655e-05 x - 0.02551 x + 8.283 x - 441.9"
879,"            3           2
-5.501e-05 x + 0.04849 x - 14.06 x + 1799"
880,"            3           2
-5.884e-05 x + 0.05289 x - 15.64 x + 1977"
881,"          3            2
2.67e-06 x - 0.003149 x + 1.351 x + 258.7"
882,"            3           2
-2.623e-05 x + 0.02167 x - 5.704 x + 916.2"
883,"            3             2
-2.603e-06 x + 0.0003721 x + 0.6657 x + 279.5"
884,"           3          2
0.0001438 x - 0.1333 x + 41.19 x - 3812"
885,"           3           2
7.584e-05 x - 0.07191 x + 22.75 x - 1974"
886,"           3           2
0.0001001 x - 0.09335 x + 29.04 x - 2585"
887,"           3           2
6.201e-05 x - 0.05815 x + 18.18 x - 1468"
888,"           3           2
4.632e-05 x - 0.04325 x + 13.53 x - 991.3"
889,"            3          2
-0.0001427 x + 0.1282 x - 38.18 x + 4195"
890,"            3           2
-1.808e-05 x + 0.01448 x - 3.702 x + 714.2"
891,"            3           2
-7.426e-06 x + 0.00512 x - 0.9475 x + 440.3"
892,"           3           2
1.817e-05 x - 0.01776 x + 5.844 x - 233.3"
893,"            3            2
-8.654e-06 x + 0.007166 x - 1.853 x + 555.9"
894,"            3           2
-7.777e-05 x + 0.06899 x - 20.26 x + 2384"
895,"           3           2
3.829e-05 x - 0.03457 x + 10.45 x - 645.3"
896,"           3           2
0.0001092 x - 0.09933 x + 30.12 x - 2631"
897,"           3           2
8.706e-05 x - 0.07927 x + 24.12 x - 2039"
898,"           3          2
7.023e-05 x - 0.0632 x + 19.03 x - 1505"
899,"           3           2
1.736e-05 x - 0.01579 x + 4.845 x - 91.52"
900,"           3           2
0.0001061 x - 0.09582 x + 28.86 x - 2493"
901,"            3          2
-1.649e-05 x + 0.0139 x - 3.813 x + 745.3"
902,"            3           2
-1.175e-05 x + 0.01012 x - 2.783 x + 647.1"
903,"            3            2
-2.839e-06 x + 0.001182 x + 0.2294 x + 305"
904,"           3           2
3.458e-05 x - 0.03284 x + 10.45 x - 718.5"
905,"           3           2
2.791e-05 x - 0.02655 x + 8.462 x - 509.8"
906,"           3            2
1.035e-05 x - 0.009452 x + 2.966 x + 72.65"
907,"           3           2
7.184e-05 x - 0.06365 x + 18.87 x - 1485"
908,"           3           2
1.503e-05 x - 0.01505 x + 5.053 x - 181.8"
909,"            3           2
-1.618e-05 x + 0.01406 x - 3.996 x + 750.2"
910,"           3           2
9.621e-05 x - 0.08682 x + 26.14 x - 2246"
911,"            3           2
-7.648e-05 x + 0.06751 x - 19.8 x + 2306"
912,"           3            2
-6.41e-06 x + 0.002922 x - 0.04732 x + 303.7"
913,"            3          2
-0.0001434 x + 0.1288 x - 38.54 x + 4222"
914,"           3           2
-8.69e-05 x + 0.07737 x - 22.87 x + 2627"
915,"            3            2
-3.012e-06 x + 0.001794 x - 0.2053 x + 363.6"
916,"           3           2
1.677e-05 x - 0.01544 x + 4.744 x - 107.8"
917,"            3           2
-2.147e-05 x + 0.01738 x - 4.594 x + 771.1"
918,"            3          2
-6.285e-05 x + 0.0548 x - 15.81 x + 1888"
919,"           3           2
9.063e-05 x - 0.08202 x + 24.76 x - 2114"
920,"            3           2
-4.178e-05 x + 0.03824 x - 11.58 x + 1539"
921,"           3            2
7.646e-06 x - 0.007988 x + 2.799 x + 54.01"
922,"            3           2
-1.671e-05 x + 0.01375 x - 3.587 x + 668.6"
923,"            3           2
-7.315e-05 x + 0.06347 x - 18.15 x + 2085"
924,"            3           2
-8.962e-05 x + 0.07815 x - 22.5 x + 2510"
925,"           3           2
4.477e-05 x - 0.04312 x + 13.86 x - 1119"
926,"            3           2
-7.277e-05 x + 0.06333 x - 18.26 x + 2108"
927,"           3          2
0.0001218 x - 0.1117 x + 34.14 x - 3122"
928,"           3          2
1.179e-05 x - 0.0116 x + 3.868 x - 85.21"
929,"           3           2
3.763e-05 x - 0.03439 x + 10.56 x - 748.2"
930,"           3           2
0.0001023 x - 0.09447 x + 29.09 x - 2656"
931,"            3           2
-8.303e-05 x + 0.07347 x - 21.61 x + 2438"
932,"           3          2
0.0001659 x - 0.1511 x + 45.81 x - 4300"
933,"           3            2
1.771e-06 x - 0.003226 x + 1.5 x + 107.4"
934,"           3           2
2.509e-05 x - 0.02366 x + 7.388 x - 453.6"
935,"           3           2
4.544e-05 x - 0.04157 x + 12.61 x - 960.8"
936,"           3           2
4.598e-05 x - 0.04331 x + 13.48 x - 1083"
937,"           3           2
-3.86e-05 x + 0.03242 x - 9.065 x + 1142"
938,"           3           2
1.849e-05 x - 0.01742 x + 5.41 x - 262.5"
939,"            3           2
-5.406e-05 x + 0.04731 x - 13.84 x + 1642"
940,"           3           2
4.773e-05 x - 0.04407 x + 13.47 x - 1076"
941,"            3           2
-2.855e-05 x + 0.02392 x - 6.742 x + 923.5"
942,"            3           2
-5.317e-05 x + 0.04721 x - 14.05 x + 1685"
943,"           3           2
1.196e-05 x - 0.01091 x + 3.199 x - 18.51"
944,"           3           2
5.903e-05 x - 0.05221 x + 15.22 x - 1175"
945,"            3           2
-4.639e-05 x + 0.04376 x - 13.82 x + 1749"
946,"            3          2
-0.0001814 x + 0.1638 x - 49.38 x + 5265"
947,"            3          2
-0.0002131 x + 0.1901 x - 56.48 x + 5891"
948,"            3          2
-0.0001696 x + 0.1496 x - 43.93 x + 4602"
949,"           3           2
1.987e-05 x - 0.01862 x + 5.724 x - 275.6"
950,"            3           2
-1.308e-05 x + 0.01157 x - 3.417 x + 634.5"
951,"            3           2
-4.293e-05 x + 0.03565 x - 9.832 x + 1197"
952,"           3           2
7.223e-05 x - 0.06699 x + 20.63 x - 1810"
953,"           3            2
2.562e-06 x - 0.003212 x + 1.212 x + 160.2"
954,"           3           2
1.654e-05 x - 0.01857 x + 6.667 x - 469.7"
955,"            3          2
-0.0001352 x + 0.1161 x - 33.13 x + 3443"
956,"          3          2
0.000217 x - 0.1941 x + 57.81 x - 5429"
957,"            3           2
-0.0001133 x + 0.09913 x - 28.86 x + 3098"
958,"            3           2
-1.993e-05 x + 0.01555 x - 4.012 x + 639.5"
959,"            3           2
-2.046e-05 x + 0.01713 x - 4.752 x + 732.4"
960,"           3          2
0.0001739 x - 0.1584 x + 47.98 x - 4538"
961,"            3           2
-8.296e-05 x + 0.07212 x - 20.85 x + 2302"
962,"            3           2
-0.0001019 x + 0.09013 x - 26.55 x + 2900"
963,"           3          2
0.0001426 x - 0.1289 x + 38.74 x - 3575"
964,"           3           2
8.952e-05 x - 0.08195 x + 24.87 x - 2205"
965,"           3          2
0.0002485 x - 0.2233 x + 66.67 x - 6319"
966,"           3          2
0.0001899 x - 0.1643 x + 47.27 x - 4228"
967,"           3          2
0.0001595 x - 0.1387 x + 40.16 x - 3577"
968,"           3           2
2.585e-05 x - 0.02001 x + 4.924 x - 83.86"
969,"           3          2
0.0004381 x - 0.3902 x + 115.6 x - 1.11e+04"
970,"           3           2
3.696e-05 x - 0.03434 x + 10.5 x - 763"
971,"            3          2
-0.0002642 x + 0.2375 x - 71.16 x + 7403"
972,"            3          2
-0.0001142 x + 0.1013 x - 29.97 x + 3256"
973,"            3           2
-7.683e-05 x + 0.06631 x - 19.05 x + 2121"
974,"           3           2
1.857e-05 x - 0.01637 x + 4.779 x - 161"
975,"           3          2
0.0001314 x - 0.1192 x + 35.94 x - 3293"
976,"           3          2
0.0005239 x - 0.4545 x + 131.2 x - 1.23e+04"
977,"            3         2
-0.0002432 x + 0.214 x - 62.83 x + 6453"
978,"           3          2
0.0006035 x - 0.5232 x + 150.9 x - 1.419e+04"
979,"            3          2
-0.0005792 x + 0.5139 x - 152 x + 1.531e+04"
980,"           3           2
8.831e-05 x - 0.07927 x + 23.65 x - 2029"
981,"           3           2
3.823e-05 x - 0.03435 x + 10.3 x - 703.3"
982,"            3          2
-5.131e-05 x + 0.0451 x - 13.22 x + 1626"
983,"          3           2
2.52e-05 x - 0.02336 x + 7.176 x - 394.4"
984,"           3            2
4.375e-06 x - 0.005728 x + 2.27 x + 57.92"
985,"           3            2
4.759e-06 x - 0.006428 x + 2.6 x + 14.77"
986,"            3         2
-0.0005992 x + 0.521 x - 150.9 x + 1.49e+04"
987,"           3          2
0.0003021 x - 0.2686 x + 79.56 x - 7506"
988,"           3          2
0.0002124 x - 0.1898 x + 56.43 x - 5239"
989,"            3          2
-0.0002281 x + 0.1989 x - 57.75 x + 5931"
990,"            3           2
-3.069e-05 x + 0.02715 x - 7.959 x + 1122"
991,"           3           2
7.933e-05 x - 0.07273 x + 22.21 x - 1902"
992,"           3           2
3.734e-05 x - 0.03628 x + 11.65 x - 873.5"
993,"           3           2
9.124e-05 x - 0.08286 x + 25.05 x - 2151"
994,"            3           2
-2.189e-05 x + 0.01765 x - 4.653 x + 771.4"
995,"          3            2
3.49e-06 x - 0.005581 x + 2.463 x + 42.21"
996,"            3           2
-5.398e-05 x + 0.04512 x - 12.5 x + 1520"
997,"            3           2
-4.456e-05 x + 0.03869 x - 11.13 x + 1435"
998,"           3          2
9.605e-05 x - 0.0878 x + 26.72 x - 2329"
999,"            3           2
-8.576e-05 x + 0.07469 x - 21.65 x + 2469"
